[{"AI":true,"Collectable":false,"Collide":true,"Gravity":false,"Playable":false,"TileNumber":69,"X":0,"Y":0},{"AI":false,"Collectable":false,"Collide":false,"Gravity":false,"Playable":false,"TileNumber":61,"X":32,"Y":0},{"AI":false,"Collectable":false,"Collide":false,"Gravity":false,"Playable":false,"TileNumber":61,"X":64,"Y":0},{"AI":false,"Collectable":false,"Collide":false,"Gravity":false,"Playable":false,"TileNumber":61,"X":96,"Y":0},{"AI":false,"Collectable":false,"Collide":false,"Gravity":false,"Playable":false,"TileNumber":61,"X":128,"Y":0},{"AI":false,"Collectable":false,"Collide":false,"Gravity":false,"Playable":false,"TileNumber":61,"X":160,"Y":0},{"AI":false,"Collectable":false,"Collide":false,"Gravity":false,"Playable":false,"TileNumber":0,"X":192,"Y":0},{"AI":false,"Collectable":false,"Collide":false,"Gravity":false,"Playable":false,"TileNumber":0,"X":224,"Y":0},{"AI":false,"Collectable":false,"Collide":false,"Gravity":false,"Playable":false,"TileNumber":0,"X":256,"Y":0},{"AI":false,"Collectable":false,"Collide":false,"Gravity":false,"Playable":false,"TileNumber":0,"X":288,"Y":0},{"AI":false,"Collectable":false,"Collide":false,"Gravity":false,"Playable":false,"TileNumber":0,"X":320,"Y":0},{"AI":false,"Collectable":false,"Collide":false,"Gravity":false,"Playable":false,"TileNumber":61,"X":352,"Y":0},{"AI":false,"Collectable":false,"Collide":false,"Gravity":false,"Playable":false,"TileNumber":0,"X":384,"Y":0},{"AI":false,"Collectable":false,"Collide":false,"Gravity":false,"Playable":false,"TileNumber":0,"X":416,"Y":0},{"AI":false,"Collectable":false,"Collide":false,"Gravity":false,"Playable":false,"TileNumber":0,"X":448,"Y":0},{"AI":false,"Collectable":false,"Collide":false,"Gravity":false,"Playable":false,"TileNumber":0,"X":480,"Y":0},{"AI":false,"Collectable":false,"Collide":false,"Gravity":false,"Playable":false,"TileNumber":0,"X":512,"Y":0},{"AI":false,"Collectable":false,"Collide":false,"Gravity":false,"Playable":false,"TileNumber":0,"X":544,"Y":0},{"AI":false,"Collectable":false,"Collide":false,"Gravity":false,"Playable":false,"TileNumber":0,"X":576,"Y":0},{"AI":false,"Collectable":false,"Collide":false,"Gravity":false,"Playable":false,"TileNumber":0,"X":608,"Y":0},{"AI":false,"Collectable":false,"Collide":false,"Gravity":false,"Playable":false,"TileNumber":0,"X":640,"Y":0},{"AI":false,"Collectable":false,"Collide":false,"Gravity":false,"Playable":false,"TileNumber":0,"X":672,"Y":0},{"AI":false,"Collectable":false,"Collide":false,"Gravity":false,"Playable":false,"TileNumber":0,"X":704,"Y":0},{"AI":false,"Collectable":false,"Collide":false,"Gravity":false,"Playable":false,"TileNumber":0,"X":736,"Y":0},{"AI":false,"Collectable":false,"Collide":false,"Gravity":false,"Playable":false,"TileNumber":0,"X":768,"Y":0},{"AI":false,"Collectable":false,"Collide":false,"Gravity":false,"Playable":false,"TileNumber":0,"X":800,"Y":0},{"AI":false,"Collectable":false,"Collide":false,"Gravity":false,"Playable":false,"TileNumber":0,"X":832,"Y":0},{"AI":false,"Collectable":false,"Collide":false,"Gravity":false,"Playable":false,"TileNumber":0,"X":864,"Y":0},{"AI":false,"Collectable":false,"Collide":false,"Gravity":false,"Playable":false,"TileNumber":0,"X":896,"Y":0},{"AI":false,"Collectable":false,"Collide":false,"Gravity":false,"Playable":false,"TileNumber":0,"X":928,"Y":0},{"AI":false,"Collectable":false,"Collide":false,"Gravity":false,"Playable":false,"TileNumber":0,"X":960,"Y":0},{"AI":false,"Collectable":false,"Collide":false,"Gravity":false,"Playable":false,"TileNumber":0,"X":992,"Y":0},{"AI":false,"Collectable":false,"Collide":false,"Gravity":false,"Playable":false,"TileNumber":0,"X":1024,"Y":0},{"AI":false,"Collectable":false,"Collide":false,"Gravity":false,"Playable":false,"TileNumber":0,"X":1056,"Y":0},{"AI":false,"Collectable":false,"Collide":false,"Gravity":false,"Playable":false,"TileNumber":0,"X":1088,"Y":0},{"AI":false,"Collectable":false,"Collide":false,"Gravity":false,"Playable":false,"TileNumber":0,"X":1120,"Y":0},{"AI":false,"Collectable":false,"Collide":false,"Gravity":false,"Playable":false,"TileNumber":0,"X":1152,"Y":0},{"AI":false,"Collectable":false,"Collide":false,"Gravity":false,"Playable":false,"TileNumber":0,"X":1184,"Y":0},{"AI":false,"Collectable":false,"Collide":false,"Gravity":false,"Playable":false,"TileNumber":0,"X":1216,"Y":0},{"AI":false,"Collectable":false,"Collide":false,"Gravity":false,"Playable":false,"TileNumber":0,"X":1248,"Y":0},{"AI":false,"Collectable":false,"Collide":false,"Gravity":false,"Playable":false,"TileNumber":0,"X":1280,"Y":0},{"AI":false,"Collectable":false,"Collide":false,"Gravity":false,"Playable":false,"TileNumber":0,"X":1312,"Y":0},{"AI":false,"Collectable":false,"Collide":false,"Gravity":false,"Playable":false,"TileNumber":0,"X":1344,"Y":0},{"AI":false,"Collectable":false,"Collide":false,"Gravity":false,"Playable":false,"TileNumber":0,"X":1376,"Y":0},{"AI":false,"Collectable":false,"Collide":false,"Gravity":false,"Playable":false,"TileNumber":0,"X":1408,"Y":0},{"AI":false,"Collectable":false,"Collide":false,"Gravity":false,"Playable":false,"TileNumber":0,"X":1440,"Y":0},{"AI":false,"Collectable":false,"Collide":false,"Gravity":false,"Playable":false,"TileNumber":0,"X":1472,"Y":0},{"AI":false,"Collectable":false,"Collide":false,"Gravity":false,"Playable":false,"TileNumber":0,"X":1504,"Y":0},{"AI":false,"Collectable":false,"Collide":false,"Gravity":false,"Playable":false,"TileNumber":0,"X":1536,"Y":0},{"AI":false,"Collectable":false,"Collide":false,"Gravity":false,"Playable":false,"TileNumber":0,"X":1568,"Y":0},{"AI":false,"Collectable":false,"Collide":false,"Gravity":false,"Playable":false,"TileNumber":0,"X":1600,"Y":0},{"AI":false,"Collectable":false,"Collide":false,"Gravity":false,"Playable":false,"TileNumber":0,"X":1632,"Y":0},{"AI":false,"Collectable":false,"Collide":false,"Gravity":false,"Playable":false,"TileNumber":0,"X":1664,"Y":0},{"AI":false,"Collectable":false,"Collide":false,"Gravity":false,"Playable":false,"TileNumber":0,"X":1696,"Y":0},{"AI":false,"Collectable":false,"Collide":false,"Gravity":false,"Playable":false,"TileNumber":0,"X":1728,"Y":0},{"AI":false,"Collectable":false,"Collide":false,"Gravity":false,"Playable":false,"TileNumber":0,"X":1760,"Y":0},{"AI":false,"Collectable":false,"Collide":false,"Gravity":false,"Playable":false,"TileNumber":0,"X":1792,"Y":0},{"AI":false,"Collectable":false,"Collide":false,"Gravity":false,"Playable":false,"TileNumber":0,"X":1824,"Y":0},{"AI":false,"Collectable":false,"Collide":false,"Gravity":false,"Playable":false,"TileNumber":0,"X":1856,"Y":0},{"AI":false,"Collectable":false,"Collide":false,"Gravity":false,"Playable":false,"TileNumber":0,"X":1888,"Y":0},{"AI":false,"Collectable":false,"Collide":false,"Gravity":false,"Playable":false,"TileNumber":0,"X":0,"Y":32},{"AI":false,"Collectable":false,"Collide":false,"Gravity":false,"Playable":false,"TileNumber":0,"X":32,"Y":32},{"AI":false,"Collectable":false,"Collide":false,"Gravity":false,"Playable":false,"TileNumber":0,"X":64,"Y":32},{"AI":false,"Collectable":false,"Collide":false,"Gravity":false,"Playable":false,"TileNumber":0,"X":96,"Y":32},{"AI":false,"Collectable":false,"Collide":false,"Gravity":false,"Playable":false,"TileNumber":0,"X":128,"Y":32},{"AI":false,"Collectable":false,"Collide":false,"Gravity":false,"Playable":false,"TileNumber":0,"X":160,"Y":32},{"AI":false,"Collectable":false,"Collide":false,"Gravity":false,"Playable":false,"TileNumber":0,"X":192,"Y":32},{"AI":false,"Collectable":false,"Collide":false,"Gravity":false,"Playable":false,"TileNumber":0,"X":224,"Y":32},{"AI":false,"Collectable":false,"Collide":false,"Gravity":false,"Playable":false,"TileNumber":0,"X":256,"Y":32},{"AI":false,"Collectable":false,"Collide":false,"Gravity":false,"Playable":false,"TileNumber":0,"X":288,"Y":32},{"AI":false,"Collectable":false,"Collide":false,"Gravity":false,"Playable":false,"TileNumber":0,"X":320,"Y":32},{"AI":false,"Collectable":false,"Collide":false,"Gravity":false,"Playable":false,"TileNumber":0,"X":352,"Y":32},{"AI":false,"Collectable":false,"Collide":false,"Gravity":false,"Playable":false,"TileNumber":0,"X":384,"Y":32},{"AI":false,"Collectable":false,"Collide":false,"Gravity":false,"Playable":false,"TileNumber":69,"X":416,"Y":32},{"AI":false,"Collectable":false,"Collide":false,"Gravity":false,"Playable":false,"TileNumber":0,"X":448,"Y":32},{"AI":false,"Collectable":false,"Collide":false,"Gravity":false,"Playable":false,"TileNumber":0,"X":480,"Y":32},{"AI":false,"Collectable":false,"Collide":false,"Gravity":false,"Playable":false,"TileNumber":0,"X":512,"Y":32},{"AI":false,"Collectable":false,"Collide":false,"Gravity":false,"Playable":false,"TileNumber":0,"X":544,"Y":32},{"AI":false,"Collectable":false,"Collide":false,"Gravity":false,"Playable":false,"TileNumber":0,"X":576,"Y":32},{"AI":false,"Collectable":false,"Collide":false,"Gravity":false,"Playable":false,"TileNumber":0,"X":608,"Y":32},{"AI":false,"Collectable":false,"Collide":false,"Gravity":false,"Playable":false,"TileNumber":0,"X":640,"Y":32},{"AI":false,"Collectable":false,"Collide":false,"Gravity":false,"Playable":false,"TileNumber":0,"X":672,"Y":32},{"AI":false,"Collectable":false,"Collide":false,"Gravity":false,"Playable":false,"TileNumber":0,"X":704,"Y":32},{"AI":false,"Collectable":false,"Collide":false,"Gravity":false,"Playable":false,"TileNumber":0,"X":736,"Y":32},{"AI":false,"Collectable":false,"Collide":false,"Gravity":false,"Playable":false,"TileNumber":0,"X":768,"Y":32},{"AI":false,"Collectable":false,"Collide":false,"Gravity":false,"Playable":false,"TileNumber":0,"X":800,"Y":32},{"AI":false,"Collectable":false,"Collide":false,"Gravity":false,"Playable":false,"TileNumber":0,"X":832,"Y":32},{"AI":false,"Collectable":false,"Collide":false,"Gravity":false,"Playable":false,"TileNumber":0,"X":864,"Y":32},{"AI":false,"Collectable":false,"Collide":false,"Gravity":false,"Playable":false,"TileNumber":0,"X":896,"Y":32},{"AI":false,"Collectable":false,"Collide":false,"Gravity":false,"Playable":false,"TileNumber":0,"X":928,"Y":32},{"AI":false,"Collectable":false,"Collide":false,"Gravity":false,"Playable":false,"TileNumber":0,"X":960,"Y":32},{"AI":false,"Collectable":false,"Collide":false,"Gravity":false,"Playable":false,"TileNumber":0,"X":992,"Y":32},{"AI":false,"Collectable":false,"Collide":false,"Gravity":false,"Playable":false,"TileNumber":0,"X":1024,"Y":32},{"AI":false,"Collectable":false,"Collide":false,"Gravity":false,"Playable":false,"TileNumber":0,"X":1056,"Y":32},{"AI":false,"Collectable":false,"Collide":false,"Gravity":false,"Playable":false,"TileNumber":0,"X":1088,"Y":32},{"AI":false,"Collectable":false,"Collide":false,"Gravity":false,"Playable":false,"TileNumber":0,"X":1120,"Y":32},{"AI":false,"Collectable":false,"Collide":false,"Gravity":false,"Playable":false,"TileNumber":0,"X":1152,"Y":32},{"AI":false,"Collectable":false,"Collide":false,"Gravity":false,"Playable":false,"TileNumber":0,"X":1184,"Y":32},{"AI":false,"Collectable":false,"Collide":false,"Gravity":false,"Playable":false,"TileNumber":0,"X":1216,"Y":32},{"AI":false,"Collectable":false,"Collide":false,"Gravity":false,"Playable":false,"TileNumber":0,"X":1248,"Y":32},{"AI":false,"Collectable":false,"Collide":false,"Gravity":false,"Playable":false,"TileNumber":0,"X":1280,"Y":32},{"AI":false,"Collectable":false,"Collide":false,"Gravity":false,"Playable":false,"TileNumber":0,"X":1312,"Y":32},{"AI":false,"Collectable":false,"Collide":false,"Gravity":false,"Playable":false,"TileNumber":0,"X":1344,"Y":32},{"AI":false,"Collectable":false,"Collide":false,"Gravity":false,"Playable":false,"TileNumber":0,"X":1376,"Y":32},{"AI":false,"Collectable":false,"Collide":false,"Gravity":false,"Playable":false,"TileNumber":0,"X":1408,"Y":32},{"AI":false,"Collectable":false,"Collide":false,"Gravity":false,"Playable":false,"TileNumber":0,"X":1440,"Y":32},{"AI":false,"Collectable":false,"Collide":false,"Gravity":false,"Playable":false,"TileNumber":0,"X":1472,"Y":32},{"AI":false,"Collectable":false,"Collide":false,"Gravity":false,"Playable":false,"TileNumber":0,"X":1504,"Y":32},{"AI":false,"Collectable":false,"Collide":false,"Gravity":false,"Playable":false,"TileNumber":0,"X":1536,"Y":32},{"AI":false,"Collectable":false,"Collide":false,"Gravity":false,"Playable":false,"TileNumber":0,"X":1568,"Y":32},{"AI":false,"Collectable":false,"Collide":false,"Gravity":false,"Playable":false,"TileNumber":0,"X":1600,"Y":32},{"AI":false,"Collectable":false,"Collide":false,"Gravity":false,"Playable":false,"TileNumber":0,"X":1632,"Y":32},{"AI":false,"Collectable":false,"Collide":false,"Gravity":false,"Playable":false,"TileNumber":0,"X":1664,"Y":32},{"AI":false,"Collectable":false,"Collide":false,"Gravity":false,"Playable":false,"TileNumber":0,"X":1696,"Y":32},{"AI":false,"Collectable":false,"Collide":false,"Gravity":false,"Playable":false,"TileNumber":0,"X":1728,"Y":32},{"AI":false,"Collectable":false,"Collide":false,"Gravity":false,"Playable":false,"TileNumber":0,"X":1760,"Y":32},{"AI":false,"Collectable":false,"Collide":false,"Gravity":false,"Playable":false,"TileNumber":0,"X":1792,"Y":32},{"AI":false,"Collectable":false,"Collide":false,"Gravity":false,"Playable":false,"TileNumber":0,"X":1824,"Y":32},{"AI":false,"Collectable":false,"Collide":false,"Gravity":false,"Playable":false,"TileNumber":0,"X":1856,"Y":32},{"AI":false,"Collectable":false,"Collide":false,"Gravity":false,"Playable":false,"TileNumber":0,"X":1888,"Y":32},{"AI":false,"Collectable":false,"Collide":false,"Gravity":false,"Playable":false,"TileNumber":0,"X":0,"Y":64},{"AI":false,"Collectable":false,"Collide":false,"Gravity":false,"Playable":false,"TileNumber":0,"X":32,"Y":64},{"AI":false,"Collectable":false,"Collide":false,"Gravity":false,"Playable":false,"TileNumber":0,"X":64,"Y":64},{"AI":false,"Collectable":false,"Collide":false,"Gravity":false,"Playable":false,"TileNumber":0,"X":96,"Y":64},{"AI":false,"Collectable":false,"Collide":false,"Gravity":false,"Playable":false,"TileNumber":0,"X":128,"Y":64},{"AI":false,"Collectable":false,"Collide":false,"Gravity":false,"Playable":false,"TileNumber":0,"X":160,"Y":64},{"AI":false,"Collectable":false,"Collide":false,"Gravity":false,"Playable":false,"TileNumber":0,"X":192,"Y":64},{"AI":false,"Collectable":false,"Collide":false,"Gravity":false,"Playable":false,"TileNumber":0,"X":224,"Y":64},{"AI":false,"Collectable":false,"Collide":false,"Gravity":false,"Playable":false,"TileNumber":0,"X":256,"Y":64},{"AI":false,"Collectable":false,"Collide":false,"Gravity":false,"Playable":false,"TileNumber":0,"X":288,"Y":64},{"AI":false,"Collectable":false,"Collide":false,"Gravity":false,"Playable":false,"TileNumber":0,"X":320,"Y":64},{"AI":false,"Collectable":false,"Collide":false,"Gravity":false,"Playable":false,"TileNumber":0,"X":352,"Y":64},{"AI":false,"Collectable":false,"Collide":false,"Gravity":false,"Playable":false,"TileNumber":0,"X":384,"Y":64},{"AI":false,"Collectable":false,"Collide":false,"Gravity":false,"Playable":false,"TileNumber":0,"X":416,"Y":64},{"AI":false,"Collectable":false,"Collide":false,"Gravity":false,"Playable":false,"TileNumber":0,"X":448,"Y":64},{"AI":false,"Collectable":false,"Collide":false,"Gravity":false,"Playable":false,"TileNumber":0,"X":480,"Y":64},{"AI":false,"Collectable":false,"Collide":false,"Gravity":false,"Playable":false,"TileNumber":0,"X":512,"Y":64},{"AI":false,"Collectable":false,"Collide":false,"Gravity":false,"Playable":false,"TileNumber":0,"X":544,"Y":64},{"AI":false,"Collectable":false,"Collide":false,"Gravity":false,"Playable":false,"TileNumber":0,"X":576,"Y":64},{"AI":false,"Collectable":false,"Collide":false,"Gravity":false,"Playable":false,"TileNumber":0,"X":608,"Y":64},{"AI":false,"Collectable":false,"Collide":false,"Gravity":false,"Playable":false,"TileNumber":0,"X":640,"Y":64},{"AI":false,"Collectable":false,"Collide":false,"Gravity":false,"Playable":false,"TileNumber":0,"X":672,"Y":64},{"AI":false,"Collectable":false,"Collide":false,"Gravity":false,"Playable":false,"TileNumber":0,"X":704,"Y":64},{"AI":false,"Collectable":false,"Collide":false,"Gravity":false,"Playable":false,"TileNumber":0,"X":736,"Y":64},{"AI":false,"Collectable":false,"Collide":false,"Gravity":false,"Playable":false,"TileNumber":0,"X":768,"Y":64},{"AI":false,"Collectable":false,"Collide":false,"Gravity":false,"Playable":false,"TileNumber":0,"X":800,"Y":64},{"AI":false,"Collectable":false,"Collide":false,"Gravity":false,"Playable":false,"TileNumber":0,"X":832,"Y":64},{"AI":false,"Collectable":false,"Collide":false,"Gravity":false,"Playable":false,"TileNumber":0,"X":864,"Y":64},{"AI":false,"Collectable":false,"Collide":false,"Gravity":false,"Playable":false,"TileNumber":0,"X":896,"Y":64},{"AI":false,"Collectable":false,"Collide":false,"Gravity":false,"Playable":false,"TileNumber":0,"X":928,"Y":64},{"AI":false,"Collectable":false,"Collide":false,"Gravity":false,"Playable":false,"TileNumber":0,"X":960,"Y":64},{"AI":false,"Collectable":false,"Collide":false,"Gravity":false,"Playable":false,"TileNumber":0,"X":992,"Y":64},{"AI":false,"Collectable":false,"Collide":false,"Gravity":false,"Playable":false,"TileNumber":0,"X":1024,"Y":64},{"AI":false,"Collectable":false,"Collide":false,"Gravity":false,"Playable":false,"TileNumber":0,"X":1056,"Y":64},{"AI":false,"Collectable":false,"Collide":false,"Gravity":false,"Playable":false,"TileNumber":0,"X":1088,"Y":64},{"AI":false,"Collectable":false,"Collide":false,"Gravity":false,"Playable":false,"TileNumber":0,"X":1120,"Y":64},{"AI":false,"Collectable":false,"Collide":false,"Gravity":false,"Playable":false,"TileNumber":0,"X":1152,"Y":64},{"AI":false,"Collectable":false,"Collide":false,"Gravity":false,"Playable":false,"TileNumber":0,"X":1184,"Y":64},{"AI":false,"Collectable":false,"Collide":false,"Gravity":false,"Playable":false,"TileNumber":0,"X":1216,"Y":64},{"AI":false,"Collectable":false,"Collide":false,"Gravity":false,"Playable":false,"TileNumber":0,"X":1248,"Y":64},{"AI":false,"Collectable":false,"Collide":false,"Gravity":false,"Playable":false,"TileNumber":0,"X":1280,"Y":64},{"AI":false,"Collectable":false,"Collide":false,"Gravity":false,"Playable":false,"TileNumber":0,"X":1312,"Y":64},{"AI":false,"Collectable":false,"Collide":false,"Gravity":false,"Playable":false,"TileNumber":0,"X":1344,"Y":64},{"AI":false,"Collectable":false,"Collide":false,"Gravity":false,"Playable":false,"TileNumber":0,"X":1376,"Y":64},{"AI":false,"Collectable":false,"Collide":false,"Gravity":false,"Playable":false,"TileNumber":0,"X":1408,"Y":64},{"AI":false,"Collectable":false,"Collide":false,"Gravity":false,"Playable":false,"TileNumber":0,"X":1440,"Y":64},{"AI":false,"Collectable":false,"Collide":false,"Gravity":false,"Playable":false,"TileNumber":0,"X":1472,"Y":64},{"AI":false,"Collectable":false,"Collide":false,"Gravity":false,"Playable":false,"TileNumber":0,"X":1504,"Y":64},{"AI":false,"Collectable":false,"Collide":false,"Gravity":false,"Playable":false,"TileNumber":0,"X":1536,"Y":64},{"AI":false,"Collectable":false,"Collide":false,"Gravity":false,"Playable":false,"TileNumber":0,"X":1568,"Y":64},{"AI":false,"Collectable":false,"Collide":false,"Gravity":false,"Playable":false,"TileNumber":0,"X":1600,"Y":64},{"AI":false,"Collectable":false,"Collide":false,"Gravity":false,"Playable":false,"TileNumber":0,"X":1632,"Y":64},{"AI":false,"Collectable":false,"Collide":false,"Gravity":false,"Playable":false,"TileNumber":0,"X":1664,"Y":64},{"AI":false,"Collectable":false,"Collide":false,"Gravity":false,"Playable":false,"TileNumber":0,"X":1696,"Y":64},{"AI":false,"Collectable":false,"Collide":false,"Gravity":false,"Playable":false,"TileNumber":0,"X":1728,"Y":64},{"AI":false,"Collectable":false,"Collide":false,"Gravity":false,"Playable":false,"TileNumber":0,"X":1760,"Y":64},{"AI":false,"Collectable":false,"Collide":false,"Gravity":false,"Playable":false,"TileNumber":0,"X":1792,"Y":64},{"AI":false,"Collectable":false,"Collide":false,"Gravity":false,"Playable":false,"TileNumber":0,"X":1824,"Y":64},{"AI":false,"Collectable":false,"Collide":false,"Gravity":false,"Playable":false,"TileNumber":0,"X":1856,"Y":64},{"AI":false,"Collectable":false,"Collide":false,"Gravity":false,"Playable":false,"TileNumber":0,"X":1888,"Y":64},{"AI":false,"Collectable":false,"Collide":false,"Gravity":false,"Playable":false,"TileNumber":0,"X":0,"Y":96},{"AI":false,"Collectable":false,"Collide":false,"Gravity":false,"Playable":false,"TileNumber":0,"X":32,"Y":96},{"AI":false,"Collectable":false,"Collide":false,"Gravity":false,"Playable":false,"TileNumber":0,"X":64,"Y":96},{"AI":false,"Collectable":false,"Collide":false,"Gravity":false,"Playable":false,"TileNumber":0,"X":96,"Y":96},{"AI":false,"Collectable":false,"Collide":false,"Gravity":false,"Playable":false,"TileNumber":0,"X":128,"Y":96},{"AI":false,"Collectable":false,"Collide":false,"Gravity":false,"Playable":false,"TileNumber":0,"X":160,"Y":96},{"AI":false,"Collectable":false,"Collide":false,"Gravity":false,"Playable":false,"TileNumber":0,"X":192,"Y":96},{"AI":false,"Collectable":false,"Collide":false,"Gravity":false,"Playable":false,"TileNumber":0,"X":224,"Y":96},{"AI":false,"Collectable":false,"Collide":false,"Gravity":false,"Playable":false,"TileNumber":0,"X":256,"Y":96},{"AI":false,"Collectable":false,"Collide":false,"Gravity":false,"Playable":false,"TileNumber":0,"X":288,"Y":96},{"AI":false,"Collectable":false,"Collide":false,"Gravity":false,"Playable":false,"TileNumber":0,"X":320,"Y":96},{"AI":false,"Collectable":false,"Collide":false,"Gravity":false,"Playable":false,"TileNumber":0,"X":352,"Y":96},{"AI":false,"Collectable":false,"Collide":false,"Gravity":false,"Playable":false,"TileNumber":0,"X":384,"Y":96},{"AI":false,"Collectable":false,"Collide":false,"Gravity":false,"Playable":false,"TileNumber":0,"X":416,"Y":96},{"AI":false,"Collectable":false,"Collide":false,"Gravity":false,"Playable":false,"TileNumber":0,"X":448,"Y":96},{"AI":false,"Collectable":false,"Collide":false,"Gravity":false,"Playable":false,"TileNumber":0,"X":480,"Y":96},{"AI":false,"Collectable":false,"Collide":false,"Gravity":false,"Playable":false,"TileNumber":0,"X":512,"Y":96},{"AI":false,"Collectable":false,"Collide":false,"Gravity":false,"Playable":false,"TileNumber":0,"X":544,"Y":96},{"AI":false,"Collectable":false,"Collide":false,"Gravity":false,"Playable":false,"TileNumber":0,"X":576,"Y":96},{"AI":false,"Collectable":false,"Collide":false,"Gravity":false,"Playable":false,"TileNumber":0,"X":608,"Y":96},{"AI":false,"Collectable":false,"Collide":false,"Gravity":false,"Playable":false,"TileNumber":0,"X":640,"Y":96},{"AI":false,"Collectable":false,"Collide":false,"Gravity":false,"Playable":false,"TileNumber":0,"X":672,"Y":96},{"AI":false,"Collectable":false,"Collide":false,"Gravity":false,"Playable":false,"TileNumber":0,"X":704,"Y":96},{"AI":false,"Collectable":false,"Collide":false,"Gravity":false,"Playable":false,"TileNumber":0,"X":736,"Y":96},{"AI":false,"Collectable":false,"Collide":false,"Gravity":false,"Playable":false,"TileNumber":0,"X":768,"Y":96},{"AI":false,"Collectable":false,"Collide":false,"Gravity":false,"Playable":false,"TileNumber":0,"X":800,"Y":96},{"AI":false,"Collectable":false,"Collide":false,"Gravity":false,"Playable":false,"TileNumber":0,"X":832,"Y":96},{"AI":false,"Collectable":false,"Collide":false,"Gravity":false,"Playable":false,"TileNumber":0,"X":864,"Y":96},{"AI":false,"Collectable":false,"Collide":false,"Gravity":false,"Playable":false,"TileNumber":0,"X":896,"Y":96},{"AI":false,"Collectable":false,"Collide":false,"Gravity":false,"Playable":false,"TileNumber":0,"X":928,"Y":96},{"AI":false,"Collectable":false,"Collide":false,"Gravity":false,"Playable":false,"TileNumber":0,"X":960,"Y":96},{"AI":false,"Collectable":false,"Collide":false,"Gravity":false,"Playable":false,"TileNumber":0,"X":992,"Y":96},{"AI":false,"Collectable":false,"Collide":false,"Gravity":false,"Playable":false,"TileNumber":0,"X":1024,"Y":96},{"AI":false,"Collectable":false,"Collide":false,"Gravity":false,"Playable":false,"TileNumber":0,"X":1056,"Y":96},{"AI":false,"Collectable":false,"Collide":false,"Gravity":false,"Playable":false,"TileNumber":0,"X":1088,"Y":96},{"AI":false,"Collectable":false,"Collide":false,"Gravity":false,"Playable":false,"TileNumber":0,"X":1120,"Y":96},{"AI":false,"Collectable":false,"Collide":false,"Gravity":false,"Playable":false,"TileNumber":0,"X":1152,"Y":96},{"AI":false,"Collectable":false,"Collide":false,"Gravity":false,"Playable":false,"TileNumber":0,"X":1184,"Y":96},{"AI":false,"Collectable":false,"Collide":false,"Gravity":false,"Playable":false,"TileNumber":0,"X":1216,"Y":96},{"AI":false,"Collectable":false,"Collide":false,"Gravity":false,"Playable":false,"TileNumber":0,"X":1248,"Y":96},{"AI":false,"Collectable":false,"Collide":false,"Gravity":false,"Playable":false,"TileNumber":0,"X":1280,"Y":96},{"AI":false,"Collectable":false,"Collide":false,"Gravity":false,"Playable":false,"TileNumber":0,"X":1312,"Y":96},{"AI":false,"Collectable":false,"Collide":false,"Gravity":false,"Playable":false,"TileNumber":0,"X":1344,"Y":96},{"AI":false,"Collectable":false,"Collide":false,"Gravity":false,"Playable":false,"TileNumber":0,"X":1376,"Y":96},{"AI":false,"Collectable":false,"Collide":false,"Gravity":false,"Playable":false,"TileNumber":0,"X":1408,"Y":96},{"AI":false,"Collectable":false,"Collide":false,"Gravity":false,"Playable":false,"TileNumber":0,"X":1440,"Y":96},{"AI":false,"Collectable":false,"Collide":false,"Gravity":false,"Playable":false,"TileNumber":0,"X":1472,"Y":96},{"AI":false,"Collectable":false,"Collide":false,"Gravity":false,"Playable":false,"TileNumber":0,"X":1504,"Y":96},{"AI":false,"Collectable":false,"Collide":false,"Gravity":false,"Playable":false,"TileNumber":0,"X":1536,"Y":96},{"AI":false,"Collectable":false,"Collide":false,"Gravity":false,"Playable":false,"TileNumber":0,"X":1568,"Y":96},{"AI":false,"Collectable":false,"Collide":false,"Gravity":false,"Playable":false,"TileNumber":0,"X":1600,"Y":96},{"AI":false,"Collectable":false,"Collide":false,"Gravity":false,"Playable":false,"TileNumber":0,"X":1632,"Y":96},{"AI":false,"Collectable":false,"Collide":false,"Gravity":false,"Playable":false,"TileNumber":0,"X":1664,"Y":96},{"AI":false,"Collectable":false,"Collide":false,"Gravity":false,"Playable":false,"TileNumber":0,"X":1696,"Y":96},{"AI":false,"Collectable":false,"Collide":false,"Gravity":false,"Playable":false,"TileNumber":0,"X":1728,"Y":96},{"AI":false,"Collectable":false,"Collide":false,"Gravity":false,"Playable":false,"TileNumber":0,"X":1760,"Y":96},{"AI":false,"Collectable":false,"Collide":false,"Gravity":false,"Playable":false,"TileNumber":0,"X":1792,"Y":96},{"AI":false,"Collectable":false,"Collide":false,"Gravity":false,"Playable":false,"TileNumber":0,"X":1824,"Y":96},{"AI":false,"Collectable":false,"Collide":false,"Gravity":false,"Playable":false,"TileNumber":0,"X":1856,"Y":96},{"AI":false,"Collectable":false,"Collide":false,"Gravity":false,"Playable":false,"TileNumber":0,"X":1888,"Y":96},{"AI":false,"Collectable":false,"Collide":false,"Gravity":false,"Playable":false,"TileNumber":0,"X":0,"Y":128},{"AI":false,"Collectable":false,"Collide":false,"Gravity":false,"Playable":false,"TileNumber":0,"X":32,"Y":128},{"AI":false,"Collectable":false,"Collide":false,"Gravity":false,"Playable":false,"TileNumber":0,"X":64,"Y":128},{"AI":false,"Collectable":false,"Collide":false,"Gravity":false,"Playable":false,"TileNumber":0,"X":96,"Y":128},{"AI":false,"Collectable":false,"Collide":false,"Gravity":false,"Playable":false,"TileNumber":0,"X":128,"Y":128},{"AI":false,"Collectable":false,"Collide":false,"Gravity":false,"Playable":false,"TileNumber":0,"X":160,"Y":128},{"AI":false,"Collectable":false,"Collide":false,"Gravity":false,"Playable":false,"TileNumber":0,"X":192,"Y":128},{"AI":false,"Collectable":false,"Collide":false,"Gravity":false,"Playable":false,"TileNumber":69,"X":224,"Y":128},{"AI":false,"Collectable":false,"Collide":false,"Gravity":false,"Playable":false,"TileNumber":69,"X":256,"Y":128},{"AI":false,"Collectable":false,"Collide":false,"Gravity":false,"Playable":false,"TileNumber":0,"X":288,"Y":128},{"AI":false,"Collectable":false,"Collide":false,"Gravity":false,"Playable":false,"TileNumber":0,"X":320,"Y":128},{"AI":false,"Collectable":false,"Collide":false,"Gravity":false,"Playable":false,"TileNumber":0,"X":352,"Y":128},{"AI":false,"Collectable":false,"Collide":false,"Gravity":false,"Playable":false,"TileNumber":0,"X":384,"Y":128},{"AI":false,"Collectable":false,"Collide":false,"Gravity":false,"Playable":false,"TileNumber":0,"X":416,"Y":128},{"AI":false,"Collectable":false,"Collide":false,"Gravity":false,"Playable":false,"TileNumber":0,"X":448,"Y":128},{"AI":false,"Collectable":false,"Collide":false,"Gravity":false,"Playable":false,"TileNumber":0,"X":480,"Y":128},{"AI":false,"Collectable":false,"Collide":false,"Gravity":false,"Playable":false,"TileNumber":0,"X":512,"Y":128},{"AI":false,"Collectable":false,"Collide":false,"Gravity":false,"Playable":false,"TileNumber":0,"X":544,"Y":128},{"AI":false,"Collectable":false,"Collide":false,"Gravity":false,"Playable":false,"TileNumber":0,"X":576,"Y":128},{"AI":false,"Collectable":false,"Collide":false,"Gravity":false,"Playable":false,"TileNumber":0,"X":608,"Y":128},{"AI":false,"Collectable":false,"Collide":false,"Gravity":false,"Playable":false,"TileNumber":0,"X":640,"Y":128},{"AI":false,"Collectable":false,"Collide":false,"Gravity":false,"Playable":false,"TileNumber":0,"X":672,"Y":128},{"AI":false,"Collectable":false,"Collide":false,"Gravity":false,"Playable":false,"TileNumber":0,"X":704,"Y":128},{"AI":false,"Collectable":false,"Collide":false,"Gravity":false,"Playable":false,"TileNumber":0,"X":736,"Y":128},{"AI":false,"Collectable":false,"Collide":false,"Gravity":false,"Playable":false,"TileNumber":0,"X":768,"Y":128},{"AI":false,"Collectable":false,"Collide":false,"Gravity":false,"Playable":false,"TileNumber":0,"X":800,"Y":128},{"AI":false,"Collectable":false,"Collide":false,"Gravity":false,"Playable":false,"TileNumber":0,"X":832,"Y":128},{"AI":false,"Collectable":false,"Collide":false,"Gravity":false,"Playable":false,"TileNumber":0,"X":864,"Y":128},{"AI":false,"Collectable":false,"Collide":false,"Gravity":false,"Playable":false,"TileNumber":0,"X":896,"Y":128},{"AI":false,"Collectable":false,"Collide":false,"Gravity":false,"Playable":false,"TileNumber":0,"X":928,"Y":128},{"AI":false,"Collectable":false,"Collide":false,"Gravity":false,"Playable":false,"TileNumber":0,"X":960,"Y":128},{"AI":false,"Collectable":false,"Collide":false,"Gravity":false,"Playable":false,"TileNumber":0,"X":992,"Y":128},{"AI":false,"Collectable":false,"Collide":false,"Gravity":false,"Playable":false,"TileNumber":0,"X":1024,"Y":128},{"AI":false,"Collectable":false,"Collide":false,"Gravity":false,"Playable":false,"TileNumber":0,"X":1056,"Y":128},{"AI":false,"Collectable":false,"Collide":false,"Gravity":false,"Playable":false,"TileNumber":0,"X":1088,"Y":128},{"AI":false,"Collectable":false,"Collide":false,"Gravity":false,"Playable":false,"TileNumber":0,"X":1120,"Y":128},{"AI":false,"Collectable":false,"Collide":false,"Gravity":false,"Playable":false,"TileNumber":0,"X":1152,"Y":128},{"AI":false,"Collectable":false,"Collide":false,"Gravity":false,"Playable":false,"TileNumber":0,"X":1184,"Y":128},{"AI":false,"Collectable":false,"Collide":false,"Gravity":false,"Playable":false,"TileNumber":0,"X":1216,"Y":128},{"AI":false,"Collectable":false,"Collide":false,"Gravity":false,"Playable":false,"TileNumber":0,"X":1248,"Y":128},{"AI":false,"Collectable":false,"Collide":false,"Gravity":false,"Playable":false,"TileNumber":0,"X":1280,"Y":128},{"AI":false,"Collectable":false,"Collide":false,"Gravity":false,"Playable":false,"TileNumber":0,"X":1312,"Y":128},{"AI":false,"Collectable":false,"Collide":false,"Gravity":false,"Playable":false,"TileNumber":0,"X":1344,"Y":128},{"AI":false,"Collectable":false,"Collide":false,"Gravity":false,"Playable":false,"TileNumber":0,"X":1376,"Y":128},{"AI":false,"Collectable":false,"Collide":false,"Gravity":false,"Playable":false,"TileNumber":0,"X":1408,"Y":128},{"AI":false,"Collectable":false,"Collide":false,"Gravity":false,"Playable":false,"TileNumber":0,"X":1440,"Y":128},{"AI":false,"Collectable":false,"Collide":false,"Gravity":false,"Playable":false,"TileNumber":0,"X":1472,"Y":128},{"AI":false,"Collectable":false,"Collide":false,"Gravity":false,"Playable":false,"TileNumber":0,"X":1504,"Y":128},{"AI":false,"Collectable":false,"Collide":false,"Gravity":false,"Playable":false,"TileNumber":0,"X":1536,"Y":128},{"AI":false,"Collectable":false,"Collide":false,"Gravity":false,"Playable":false,"TileNumber":0,"X":1568,"Y":128},{"AI":false,"Collectable":false,"Collide":false,"Gravity":false,"Playable":false,"TileNumber":0,"X":1600,"Y":128},{"AI":false,"Collectable":false,"Collide":false,"Gravity":false,"Playable":false,"TileNumber":0,"X":1632,"Y":128},{"AI":false,"Collectable":false,"Collide":false,"Gravity":false,"Playable":false,"TileNumber":0,"X":1664,"Y":128},{"AI":false,"Collectable":false,"Collide":false,"Gravity":false,"Playable":false,"TileNumber":0,"X":1696,"Y":128},{"AI":false,"Collectable":false,"Collide":false,"Gravity":false,"Playable":false,"TileNumber":0,"X":1728,"Y":128},{"AI":false,"Collectable":false,"Collide":false,"Gravity":false,"Playable":false,"TileNumber":0,"X":1760,"Y":128},{"AI":false,"Collectable":false,"Collide":false,"Gravity":false,"Playable":false,"TileNumber":0,"X":1792,"Y":128},{"AI":false,"Collectable":false,"Collide":false,"Gravity":false,"Playable":false,"TileNumber":0,"X":1824,"Y":128},{"AI":false,"Collectable":false,"Collide":false,"Gravity":false,"Playable":false,"TileNumber":0,"X":1856,"Y":128},{"AI":false,"Collectable":false,"Collide":false,"Gravity":false,"Playable":false,"TileNumber":0,"X":1888,"Y":128},{"AI":false,"Collectable":false,"Collide":false,"Gravity":false,"Playable":false,"TileNumber":0,"X":0,"Y":160},{"AI":false,"Collectable":false,"Collide":false,"Gravity":false,"Playable":false,"TileNumber":0,"X":32,"Y":160},{"AI":false,"Collectable":false,"Collide":false,"Gravity":false,"Playable":false,"TileNumber":0,"X":64,"Y":160},{"AI":false,"Collectable":false,"Collide":false,"Gravity":false,"Playable":false,"TileNumber":0,"X":96,"Y":160},{"AI":false,"Collectable":false,"Collide":false,"Gravity":false,"Playable":false,"TileNumber":69,"X":128,"Y":160},{"AI":false,"Collectable":false,"Collide":false,"Gravity":false,"Playable":false,"TileNumber":69,"X":160,"Y":160},{"AI":false,"Collectable":false,"Collide":false,"Gravity":false,"Playable":false,"TileNumber":69,"X":192,"Y":160},{"AI":false,"Collectable":false,"Collide":false,"Gravity":false,"Playable":false,"TileNumber":69,"X":224,"Y":160},{"AI":false,"Collectable":false,"Collide":false,"Gravity":false,"Playable":false,"TileNumber":69,"X":256,"Y":160},{"AI":false,"Collectable":false,"Collide":false,"Gravity":false,"Playable":false,"TileNumber":0,"X":288,"Y":160},{"AI":false,"Collectable":false,"Collide":false,"Gravity":false,"Playable":false,"TileNumber":0,"X":320,"Y":160},{"AI":false,"Collectable":false,"Collide":false,"Gravity":false,"Playable":false,"TileNumber":0,"X":352,"Y":160},{"AI":false,"Collectable":false,"Collide":false,"Gravity":false,"Playable":false,"TileNumber":0,"X":384,"Y":160},{"AI":false,"Collectable":false,"Collide":false,"Gravity":false,"Playable":false,"TileNumber":0,"X":416,"Y":160},{"AI":false,"Collectable":false,"Collide":false,"Gravity":false,"Playable":false,"TileNumber":0,"X":448,"Y":160},{"AI":false,"Collectable":false,"Collide":false,"Gravity":false,"Playable":false,"TileNumber":0,"X":480,"Y":160},{"AI":false,"Collectable":false,"Collide":false,"Gravity":false,"Playable":false,"TileNumber":0,"X":512,"Y":160},{"AI":false,"Collectable":false,"Collide":false,"Gravity":false,"Playable":false,"TileNumber":0,"X":544,"Y":160},{"AI":false,"Collectable":false,"Collide":false,"Gravity":false,"Playable":false,"TileNumber":0,"X":576,"Y":160},{"AI":false,"Collectable":false,"Collide":false,"Gravity":false,"Playable":false,"TileNumber":0,"X":608,"Y":160},{"AI":false,"Collectable":false,"Collide":false,"Gravity":false,"Playable":false,"TileNumber":0,"X":640,"Y":160},{"AI":false,"Collectable":false,"Collide":false,"Gravity":false,"Playable":false,"TileNumber":0,"X":672,"Y":160},{"AI":false,"Collectable":false,"Collide":false,"Gravity":false,"Playable":false,"TileNumber":0,"X":704,"Y":160},{"AI":false,"Collectable":false,"Collide":false,"Gravity":false,"Playable":false,"TileNumber":0,"X":736,"Y":160},{"AI":false,"Collectable":false,"Collide":false,"Gravity":false,"Playable":false,"TileNumber":0,"X":768,"Y":160},{"AI":false,"Collectable":false,"Collide":false,"Gravity":false,"Playable":false,"TileNumber":0,"X":800,"Y":160},{"AI":false,"Collectable":false,"Collide":false,"Gravity":false,"Playable":false,"TileNumber":0,"X":832,"Y":160},{"AI":false,"Collectable":false,"Collide":false,"Gravity":false,"Playable":false,"TileNumber":0,"X":864,"Y":160},{"AI":false,"Collectable":false,"Collide":false,"Gravity":false,"Playable":false,"TileNumber":0,"X":896,"Y":160},{"AI":false,"Collectable":false,"Collide":false,"Gravity":false,"Playable":false,"TileNumber":0,"X":928,"Y":160},{"AI":false,"Collectable":false,"Collide":false,"Gravity":false,"Playable":false,"TileNumber":0,"X":960,"Y":160},{"AI":false,"Collectable":false,"Collide":false,"Gravity":false,"Playable":false,"TileNumber":0,"X":992,"Y":160},{"AI":false,"Collectable":false,"Collide":false,"Gravity":false,"Playable":false,"TileNumber":0,"X":1024,"Y":160},{"AI":false,"Collectable":false,"Collide":false,"Gravity":false,"Playable":false,"TileNumber":0,"X":1056,"Y":160},{"AI":false,"Collectable":false,"Collide":false,"Gravity":false,"Playable":false,"TileNumber":0,"X":1088,"Y":160},{"AI":false,"Collectable":false,"Collide":false,"Gravity":false,"Playable":false,"TileNumber":0,"X":1120,"Y":160},{"AI":false,"Collectable":false,"Collide":false,"Gravity":false,"Playable":false,"TileNumber":0,"X":1152,"Y":160},{"AI":false,"Collectable":false,"Collide":false,"Gravity":false,"Playable":false,"TileNumber":0,"X":1184,"Y":160},{"AI":false,"Collectable":false,"Collide":false,"Gravity":false,"Playable":false,"TileNumber":0,"X":1216,"Y":160},{"AI":false,"Collectable":false,"Collide":false,"Gravity":false,"Playable":false,"TileNumber":0,"X":1248,"Y":160},{"AI":false,"Collectable":false,"Collide":false,"Gravity":false,"Playable":false,"TileNumber":0,"X":1280,"Y":160},{"AI":false,"Collectable":false,"Collide":false,"Gravity":false,"Playable":false,"TileNumber":0,"X":1312,"Y":160},{"AI":false,"Collectable":false,"Collide":false,"Gravity":false,"Playable":false,"TileNumber":0,"X":1344,"Y":160},{"AI":false,"Collectable":false,"Collide":false,"Gravity":false,"Playable":false,"TileNumber":0,"X":1376,"Y":160},{"AI":false,"Collectable":false,"Collide":false,"Gravity":false,"Playable":false,"TileNumber":0,"X":1408,"Y":160},{"AI":false,"Collectable":false,"Collide":false,"Gravity":false,"Playable":false,"TileNumber":0,"X":1440,"Y":160},{"AI":false,"Collectable":false,"Collide":false,"Gravity":false,"Playable":false,"TileNumber":0,"X":1472,"Y":160},{"AI":false,"Collectable":false,"Collide":false,"Gravity":false,"Playable":false,"TileNumber":0,"X":1504,"Y":160},{"AI":false,"Collectable":false,"Collide":false,"Gravity":false,"Playable":false,"TileNumber":0,"X":1536,"Y":160},{"AI":false,"Collectable":false,"Collide":false,"Gravity":false,"Playable":false,"TileNumber":0,"X":1568,"Y":160},{"AI":false,"Collectable":false,"Collide":false,"Gravity":false,"Playable":false,"TileNumber":0,"X":1600,"Y":160},{"AI":false,"Collectable":false,"Collide":false,"Gravity":false,"Playable":false,"TileNumber":0,"X":1632,"Y":160},{"AI":false,"Collectable":false,"Collide":false,"Gravity":false,"Playable":false,"TileNumber":0,"X":1664,"Y":160},{"AI":false,"Collectable":false,"Collide":false,"Gravity":false,"Playable":false,"TileNumber":0,"X":1696,"Y":160},{"AI":false,"Collectable":false,"Collide":false,"Gravity":false,"Playable":false,"TileNumber":0,"X":1728,"Y":160},{"AI":false,"Collectable":false,"Collide":false,"Gravity":false,"Playable":false,"TileNumber":0,"X":1760,"Y":160},{"AI":false,"Collectable":false,"Collide":false,"Gravity":false,"Playable":false,"TileNumber":0,"X":1792,"Y":160},{"AI":false,"Collectable":false,"Collide":false,"Gravity":false,"Playable":false,"TileNumber":0,"X":1824,"Y":160},{"AI":false,"Collectable":false,"Collide":false,"Gravity":false,"Playable":false,"TileNumber":0,"X":1856,"Y":160},{"AI":false,"Collectable":false,"Collide":false,"Gravity":false,"Playable":false,"TileNumber":0,"X":1888,"Y":160},{"AI":false,"Collectable":false,"Collide":false,"Gravity":false,"Playable":false,"TileNumber":0,"X":0,"Y":192},{"AI":false,"Collectable":false,"Collide":false,"Gravity":false,"Playable":false,"TileNumber":0,"X":32,"Y":192},{"AI":false,"Collectable":false,"Collide":false,"Gravity":false,"Playable":false,"TileNumber":0,"X":64,"Y":192},{"AI":false,"Collectable":false,"Collide":false,"Gravity":false,"Playable":false,"TileNumber":0,"X":96,"Y":192},{"AI":false,"Collectable":false,"Collide":false,"Gravity":false,"Playable":false,"TileNumber":69,"X":128,"Y":192},{"AI":false,"Collectable":false,"Collide":false,"Gravity":false,"Playable":false,"TileNumber":69,"X":160,"Y":192},{"AI":false,"Collectable":false,"Collide":false,"Gravity":false,"Playable":false,"TileNumber":0,"X":192,"Y":192},{"AI":false,"Collectable":false,"Collide":false,"Gravity":false,"Playable":false,"TileNumber":0,"X":224,"Y":192},{"AI":false,"Collectable":false,"Collide":false,"Gravity":false,"Playable":false,"TileNumber":0,"X":256,"Y":192},{"AI":false,"Collectable":false,"Collide":false,"Gravity":false,"Playable":false,"TileNumber":0,"X":288,"Y":192},{"AI":false,"Collectable":false,"Collide":false,"Gravity":false,"Playable":false,"TileNumber":0,"X":320,"Y":192},{"AI":false,"Collectable":false,"Collide":false,"Gravity":false,"Playable":false,"TileNumber":0,"X":352,"Y":192},{"AI":false,"Collectable":false,"Collide":false,"Gravity":false,"Playable":false,"TileNumber":0,"X":384,"Y":192},{"AI":false,"Collectable":false,"Collide":false,"Gravity":false,"Playable":false,"TileNumber":0,"X":416,"Y":192},{"AI":false,"Collectable":false,"Collide":false,"Gravity":false,"Playable":false,"TileNumber":0,"X":448,"Y":192},{"AI":false,"Collectable":false,"Collide":false,"Gravity":false,"Playable":false,"TileNumber":0,"X":480,"Y":192},{"AI":false,"Collectable":false,"Collide":false,"Gravity":false,"Playable":false,"TileNumber":0,"X":512,"Y":192},{"AI":false,"Collectable":false,"Collide":false,"Gravity":false,"Playable":false,"TileNumber":0,"X":544,"Y":192},{"AI":false,"Collectable":false,"Collide":false,"Gravity":false,"Playable":false,"TileNumber":0,"X":576,"Y":192},{"AI":false,"Collectable":false,"Collide":false,"Gravity":false,"Playable":false,"TileNumber":0,"X":608,"Y":192},{"AI":false,"Collectable":false,"Collide":false,"Gravity":false,"Playable":false,"TileNumber":0,"X":640,"Y":192},{"AI":false,"Collectable":false,"Collide":false,"Gravity":false,"Playable":false,"TileNumber":0,"X":672,"Y":192},{"AI":false,"Collectable":false,"Collide":false,"Gravity":false,"Playable":false,"TileNumber":0,"X":704,"Y":192},{"AI":false,"Collectable":false,"Collide":false,"Gravity":false,"Playable":false,"TileNumber":0,"X":736,"Y":192},{"AI":false,"Collectable":false,"Collide":false,"Gravity":false,"Playable":false,"TileNumber":0,"X":768,"Y":192},{"AI":false,"Collectable":false,"Collide":false,"Gravity":false,"Playable":false,"TileNumber":0,"X":800,"Y":192},{"AI":false,"Collectable":false,"Collide":false,"Gravity":false,"Playable":false,"TileNumber":0,"X":832,"Y":192},{"AI":false,"Collectable":false,"Collide":false,"Gravity":false,"Playable":false,"TileNumber":0,"X":864,"Y":192},{"AI":false,"Collectable":false,"Collide":false,"Gravity":false,"Playable":false,"TileNumber":0,"X":896,"Y":192},{"AI":false,"Collectable":false,"Collide":false,"Gravity":false,"Playable":false,"TileNumber":0,"X":928,"Y":192},{"AI":false,"Collectable":false,"Collide":false,"Gravity":false,"Playable":false,"TileNumber":0,"X":960,"Y":192},{"AI":false,"Collectable":false,"Collide":false,"Gravity":false,"Playable":false,"TileNumber":0,"X":992,"Y":192},{"AI":false,"Collectable":false,"Collide":false,"Gravity":false,"Playable":false,"TileNumber":0,"X":1024,"Y":192},{"AI":false,"Collectable":false,"Collide":false,"Gravity":false,"Playable":false,"TileNumber":0,"X":1056,"Y":192},{"AI":false,"Collectable":false,"Collide":false,"Gravity":false,"Playable":false,"TileNumber":0,"X":1088,"Y":192},{"AI":false,"Collectable":false,"Collide":false,"Gravity":false,"Playable":false,"TileNumber":0,"X":1120,"Y":192},{"AI":false,"Collectable":false,"Collide":false,"Gravity":false,"Playable":false,"TileNumber":0,"X":1152,"Y":192},{"AI":false,"Collectable":false,"Collide":false,"Gravity":false,"Playable":false,"TileNumber":0,"X":1184,"Y":192},{"AI":false,"Collectable":false,"Collide":false,"Gravity":false,"Playable":false,"TileNumber":0,"X":1216,"Y":192},{"AI":false,"Collectable":false,"Collide":false,"Gravity":false,"Playable":false,"TileNumber":0,"X":1248,"Y":192},{"AI":false,"Collectable":false,"Collide":false,"Gravity":false,"Playable":false,"TileNumber":0,"X":1280,"Y":192},{"AI":false,"Collectable":false,"Collide":false,"Gravity":false,"Playable":false,"TileNumber":0,"X":1312,"Y":192},{"AI":false,"Collectable":false,"Collide":false,"Gravity":false,"Playable":false,"TileNumber":0,"X":1344,"Y":192},{"AI":false,"Collectable":false,"Collide":false,"Gravity":false,"Playable":false,"TileNumber":0,"X":1376,"Y":192},{"AI":false,"Collectable":false,"Collide":false,"Gravity":false,"Playable":false,"TileNumber":0,"X":1408,"Y":192},{"AI":false,"Collectable":false,"Collide":false,"Gravity":false,"Playable":false,"TileNumber":0,"X":1440,"Y":192},{"AI":false,"Collectable":false,"Collide":false,"Gravity":false,"Playable":false,"TileNumber":0,"X":1472,"Y":192},{"AI":false,"Collectable":false,"Collide":false,"Gravity":false,"Playable":false,"TileNumber":0,"X":1504,"Y":192},{"AI":false,"Collectable":false,"Collide":false,"Gravity":false,"Playable":false,"TileNumber":0,"X":1536,"Y":192},{"AI":false,"Collectable":false,"Collide":false,"Gravity":false,"Playable":false,"TileNumber":0,"X":1568,"Y":192},{"AI":false,"Collectable":false,"Collide":false,"Gravity":false,"Playable":false,"TileNumber":0,"X":1600,"Y":192},{"AI":false,"Collectable":false,"Collide":false,"Gravity":false,"Playable":false,"TileNumber":0,"X":1632,"Y":192},{"AI":false,"Collectable":false,"Collide":false,"Gravity":false,"Playable":false,"TileNumber":0,"X":1664,"Y":192},{"AI":false,"Collectable":false,"Collide":false,"Gravity":false,"Playable":false,"TileNumber":0,"X":1696,"Y":192},{"AI":false,"Collectable":false,"Collide":false,"Gravity":false,"Playable":false,"TileNumber":0,"X":1728,"Y":192},{"AI":false,"Collectable":false,"Collide":false,"Gravity":false,"Playable":false,"TileNumber":0,"X":1760,"Y":192},{"AI":false,"Collectable":false,"Collide":false,"Gravity":false,"Playable":false,"TileNumber":0,"X":1792,"Y":192},{"AI":false,"Collectable":false,"Collide":false,"Gravity":false,"Playable":false,"TileNumber":0,"X":1824,"Y":192},{"AI":false,"Collectable":false,"Collide":false,"Gravity":false,"Playable":false,"TileNumber":0,"X":1856,"Y":192},{"AI":false,"Collectable":false,"Collide":false,"Gravity":false,"Playable":false,"TileNumber":0,"X":1888,"Y":192},{"AI":false,"Collectable":false,"Collide":false,"Gravity":false,"Playable":false,"TileNumber":0,"X":0,"Y":224},{"AI":false,"Collectable":false,"Collide":false,"Gravity":false,"Playable":false,"TileNumber":0,"X":32,"Y":224},{"AI":false,"Collectable":false,"Collide":false,"Gravity":false,"Playable":false,"TileNumber":0,"X":64,"Y":224},{"AI":false,"Collectable":false,"Collide":false,"Gravity":false,"Playable":false,"TileNumber":69,"X":96,"Y":224},{"AI":false,"Collectable":false,"Collide":false,"Gravity":false,"Playable":false,"TileNumber":69,"X":128,"Y":224},{"AI":false,"Collectable":false,"Collide":false,"Gravity":false,"Playable":false,"TileNumber":0,"X":160,"Y":224},{"AI":false,"Collectable":false,"Collide":false,"Gravity":false,"Playable":false,"TileNumber":0,"X":192,"Y":224},{"AI":false,"Collectable":false,"Collide":false,"Gravity":false,"Playable":false,"TileNumber":0,"X":224,"Y":224},{"AI":false,"Collectable":false,"Collide":false,"Gravity":false,"Playable":false,"TileNumber":0,"X":256,"Y":224},{"AI":false,"Collectable":false,"Collide":false,"Gravity":false,"Playable":false,"TileNumber":0,"X":288,"Y":224},{"AI":false,"Collectable":false,"Collide":false,"Gravity":false,"Playable":false,"TileNumber":0,"X":320,"Y":224},{"AI":false,"Collectable":false,"Collide":false,"Gravity":false,"Playable":false,"TileNumber":0,"X":352,"Y":224},{"AI":false,"Collectable":false,"Collide":false,"Gravity":false,"Playable":false,"TileNumber":0,"X":384,"Y":224},{"AI":false,"Collectable":false,"Collide":false,"Gravity":false,"Playable":false,"TileNumber":0,"X":416,"Y":224},{"AI":false,"Collectable":false,"Collide":false,"Gravity":false,"Playable":false,"TileNumber":0,"X":448,"Y":224},{"AI":false,"Collectable":false,"Collide":false,"Gravity":false,"Playable":false,"TileNumber":0,"X":480,"Y":224},{"AI":false,"Collectable":false,"Collide":false,"Gravity":false,"Playable":false,"TileNumber":0,"X":512,"Y":224},{"AI":false,"Collectable":false,"Collide":false,"Gravity":false,"Playable":false,"TileNumber":0,"X":544,"Y":224},{"AI":false,"Collectable":false,"Collide":false,"Gravity":false,"Playable":false,"TileNumber":0,"X":576,"Y":224},{"AI":false,"Collectable":false,"Collide":false,"Gravity":false,"Playable":false,"TileNumber":0,"X":608,"Y":224},{"AI":false,"Collectable":false,"Collide":false,"Gravity":false,"Playable":false,"TileNumber":0,"X":640,"Y":224},{"AI":false,"Collectable":false,"Collide":false,"Gravity":false,"Playable":false,"TileNumber":0,"X":672,"Y":224},{"AI":false,"Collectable":false,"Collide":false,"Gravity":false,"Playable":false,"TileNumber":0,"X":704,"Y":224},{"AI":false,"Collectable":false,"Collide":false,"Gravity":false,"Playable":false,"TileNumber":0,"X":736,"Y":224},{"AI":false,"Collectable":false,"Collide":false,"Gravity":false,"Playable":false,"TileNumber":0,"X":768,"Y":224},{"AI":false,"Collectable":false,"Collide":false,"Gravity":false,"Playable":false,"TileNumber":0,"X":800,"Y":224},{"AI":false,"Collectable":false,"Collide":false,"Gravity":false,"Playable":false,"TileNumber":0,"X":832,"Y":224},{"AI":false,"Collectable":false,"Collide":false,"Gravity":false,"Playable":false,"TileNumber":0,"X":864,"Y":224},{"AI":false,"Collectable":false,"Collide":false,"Gravity":false,"Playable":false,"TileNumber":0,"X":896,"Y":224},{"AI":false,"Collectable":false,"Collide":false,"Gravity":false,"Playable":false,"TileNumber":0,"X":928,"Y":224},{"AI":false,"Collectable":false,"Collide":false,"Gravity":false,"Playable":false,"TileNumber":0,"X":960,"Y":224},{"AI":false,"Collectable":false,"Collide":false,"Gravity":false,"Playable":false,"TileNumber":0,"X":992,"Y":224},{"AI":false,"Collectable":false,"Collide":false,"Gravity":false,"Playable":false,"TileNumber":0,"X":1024,"Y":224},{"AI":false,"Collectable":false,"Collide":false,"Gravity":false,"Playable":false,"TileNumber":0,"X":1056,"Y":224},{"AI":false,"Collectable":false,"Collide":false,"Gravity":false,"Playable":false,"TileNumber":0,"X":1088,"Y":224},{"AI":false,"Collectable":false,"Collide":false,"Gravity":false,"Playable":false,"TileNumber":0,"X":1120,"Y":224},{"AI":false,"Collectable":false,"Collide":false,"Gravity":false,"Playable":false,"TileNumber":0,"X":1152,"Y":224},{"AI":false,"Collectable":false,"Collide":false,"Gravity":false,"Playable":false,"TileNumber":0,"X":1184,"Y":224},{"AI":false,"Collectable":false,"Collide":false,"Gravity":false,"Playable":false,"TileNumber":0,"X":1216,"Y":224},{"AI":false,"Collectable":false,"Collide":false,"Gravity":false,"Playable":false,"TileNumber":0,"X":1248,"Y":224},{"AI":false,"Collectable":false,"Collide":false,"Gravity":false,"Playable":false,"TileNumber":0,"X":1280,"Y":224},{"AI":false,"Collectable":false,"Collide":false,"Gravity":false,"Playable":false,"TileNumber":0,"X":1312,"Y":224},{"AI":false,"Collectable":false,"Collide":false,"Gravity":false,"Playable":false,"TileNumber":0,"X":1344,"Y":224},{"AI":false,"Collectable":false,"Collide":false,"Gravity":false,"Playable":false,"TileNumber":0,"X":1376,"Y":224},{"AI":false,"Collectable":false,"Collide":false,"Gravity":false,"Playable":false,"TileNumber":0,"X":1408,"Y":224},{"AI":false,"Collectable":false,"Collide":false,"Gravity":false,"Playable":false,"TileNumber":0,"X":1440,"Y":224},{"AI":false,"Collectable":false,"Collide":false,"Gravity":false,"Playable":false,"TileNumber":0,"X":1472,"Y":224},{"AI":false,"Collectable":false,"Collide":false,"Gravity":false,"Playable":false,"TileNumber":0,"X":1504,"Y":224},{"AI":false,"Collectable":false,"Collide":false,"Gravity":false,"Playable":false,"TileNumber":0,"X":1536,"Y":224},{"AI":false,"Collectable":false,"Collide":false,"Gravity":false,"Playable":false,"TileNumber":0,"X":1568,"Y":224},{"AI":false,"Collectable":false,"Collide":false,"Gravity":false,"Playable":false,"TileNumber":0,"X":1600,"Y":224},{"AI":false,"Collectable":false,"Collide":false,"Gravity":false,"Playable":false,"TileNumber":0,"X":1632,"Y":224},{"AI":false,"Collectable":false,"Collide":false,"Gravity":false,"Playable":false,"TileNumber":0,"X":1664,"Y":224},{"AI":false,"Collectable":false,"Collide":false,"Gravity":false,"Playable":false,"TileNumber":0,"X":1696,"Y":224},{"AI":false,"Collectable":false,"Collide":false,"Gravity":false,"Playable":false,"TileNumber":0,"X":1728,"Y":224},{"AI":false,"Collectable":false,"Collide":false,"Gravity":false,"Playable":false,"TileNumber":0,"X":1760,"Y":224},{"AI":false,"Collectable":false,"Collide":false,"Gravity":false,"Playable":false,"TileNumber":0,"X":1792,"Y":224},{"AI":false,"Collectable":false,"Collide":false,"Gravity":false,"Playable":false,"TileNumber":0,"X":1824,"Y":224},{"AI":false,"Collectable":false,"Collide":false,"Gravity":false,"Playable":false,"TileNumber":0,"X":1856,"Y":224},{"AI":false,"Collectable":false,"Collide":false,"Gravity":false,"Playable":false,"TileNumber":0,"X":1888,"Y":224},{"AI":false,"Collectable":false,"Collide":true,"Gravity":false,"Playable":false,"TileNumber":69,"X":0,"Y":256},{"AI":false,"Collectable":false,"Collide":false,"Gravity":false,"Playable":false,"TileNumber":0,"X":32,"Y":256},{"AI":false,"Collectable":false,"Collide":false,"Gravity":false,"Playable":false,"TileNumber":0,"X":64,"Y":256},{"AI":false,"Collectable":false,"Collide":false,"Gravity":false,"Playable":false,"TileNumber":0,"X":96,"Y":256},{"AI":false,"Collectable":false,"Collide":false,"Gravity":false,"Playable":false,"TileNumber":0,"X":128,"Y":256},{"AI":false,"Collectable":false,"Collide":false,"Gravity":false,"Playable":false,"TileNumber":0,"X":160,"Y":256},{"AI":false,"Collectable":false,"Collide":false,"Gravity":false,"Playable":false,"TileNumber":0,"X":192,"Y":256},{"AI":false,"Collectable":false,"Collide":false,"Gravity":false,"Playable":false,"TileNumber":0,"X":224,"Y":256},{"AI":false,"Collectable":false,"Collide":false,"Gravity":false,"Playable":false,"TileNumber":0,"X":256,"Y":256},{"AI":false,"Collectable":false,"Collide":false,"Gravity":false,"Playable":false,"TileNumber":0,"X":288,"Y":256},{"AI":false,"Collectable":false,"Collide":false,"Gravity":false,"Playable":false,"TileNumber":0,"X":320,"Y":256},{"AI":false,"Collectable":false,"Collide":false,"Gravity":false,"Playable":false,"TileNumber":0,"X":352,"Y":256},{"AI":false,"Collectable":false,"Collide":false,"Gravity":false,"Playable":false,"TileNumber":0,"X":384,"Y":256},{"AI":false,"Collectable":false,"Collide":false,"Gravity":false,"Playable":false,"TileNumber":0,"X":416,"Y":256},{"AI":false,"Collectable":false,"Collide":false,"Gravity":false,"Playable":false,"TileNumber":0,"X":448,"Y":256},{"AI":false,"Collectable":false,"Collide":false,"Gravity":false,"Playable":false,"TileNumber":0,"X":480,"Y":256},{"AI":false,"Collectable":false,"Collide":false,"Gravity":false,"Playable":false,"TileNumber":0,"X":512,"Y":256},{"AI":false,"Collectable":false,"Collide":false,"Gravity":false,"Playable":false,"TileNumber":0,"X":544,"Y":256},{"AI":false,"Collectable":false,"Collide":false,"Gravity":false,"Playable":false,"TileNumber":0,"X":576,"Y":256},{"AI":false,"Collectable":false,"Collide":false,"Gravity":false,"Playable":false,"TileNumber":0,"X":608,"Y":256},{"AI":false,"Collectable":false,"Collide":false,"Gravity":false,"Playable":false,"TileNumber":0,"X":640,"Y":256},{"AI":false,"Collectable":false,"Collide":false,"Gravity":false,"Playable":false,"TileNumber":0,"X":672,"Y":256},{"AI":false,"Collectable":false,"Collide":false,"Gravity":false,"Playable":false,"TileNumber":0,"X":704,"Y":256},{"AI":false,"Collectable":false,"Collide":false,"Gravity":false,"Playable":false,"TileNumber":0,"X":736,"Y":256},{"AI":false,"Collectable":false,"Collide":false,"Gravity":false,"Playable":false,"TileNumber":0,"X":768,"Y":256},{"AI":false,"Collectable":false,"Collide":false,"Gravity":false,"Playable":false,"TileNumber":0,"X":800,"Y":256},{"AI":false,"Collectable":false,"Collide":false,"Gravity":false,"Playable":false,"TileNumber":0,"X":832,"Y":256},{"AI":false,"Collectable":false,"Collide":false,"Gravity":false,"Playable":false,"TileNumber":0,"X":864,"Y":256},{"AI":false,"Collectable":false,"Collide":false,"Gravity":false,"Playable":false,"TileNumber":0,"X":896,"Y":256},{"AI":false,"Collectable":false,"Collide":false,"Gravity":false,"Playable":false,"TileNumber":0,"X":928,"Y":256},{"AI":false,"Collectable":false,"Collide":false,"Gravity":false,"Playable":false,"TileNumber":0,"X":960,"Y":256},{"AI":false,"Collectable":false,"Collide":false,"Gravity":false,"Playable":false,"TileNumber":0,"X":992,"Y":256},{"AI":false,"Collectable":false,"Collide":false,"Gravity":false,"Playable":false,"TileNumber":0,"X":1024,"Y":256},{"AI":false,"Collectable":false,"Collide":false,"Gravity":false,"Playable":false,"TileNumber":0,"X":1056,"Y":256},{"AI":false,"Collectable":false,"Collide":false,"Gravity":false,"Playable":false,"TileNumber":0,"X":1088,"Y":256},{"AI":false,"Collectable":false,"Collide":false,"Gravity":false,"Playable":false,"TileNumber":0,"X":1120,"Y":256},{"AI":false,"Collectable":false,"Collide":false,"Gravity":false,"Playable":false,"TileNumber":0,"X":1152,"Y":256},{"AI":false,"Collectable":false,"Collide":false,"Gravity":false,"Playable":false,"TileNumber":0,"X":1184,"Y":256},{"AI":false,"Collectable":false,"Collide":false,"Gravity":false,"Playable":false,"TileNumber":0,"X":1216,"Y":256},{"AI":false,"Collectable":false,"Collide":false,"Gravity":false,"Playable":false,"TileNumber":0,"X":1248,"Y":256},{"AI":false,"Collectable":false,"Collide":false,"Gravity":false,"Playable":false,"TileNumber":0,"X":1280,"Y":256},{"AI":false,"Collectable":false,"Collide":false,"Gravity":false,"Playable":false,"TileNumber":0,"X":1312,"Y":256},{"AI":false,"Collectable":false,"Collide":false,"Gravity":false,"Playable":false,"TileNumber":0,"X":1344,"Y":256},{"AI":false,"Collectable":false,"Collide":false,"Gravity":false,"Playable":false,"TileNumber":0,"X":1376,"Y":256},{"AI":false,"Collectable":false,"Collide":false,"Gravity":false,"Playable":false,"TileNumber":0,"X":1408,"Y":256},{"AI":false,"Collectable":false,"Collide":false,"Gravity":false,"Playable":false,"TileNumber":0,"X":1440,"Y":256},{"AI":false,"Collectable":false,"Collide":false,"Gravity":false,"Playable":false,"TileNumber":0,"X":1472,"Y":256},{"AI":false,"Collectable":false,"Collide":false,"Gravity":false,"Playable":false,"TileNumber":0,"X":1504,"Y":256},{"AI":false,"Collectable":false,"Collide":false,"Gravity":false,"Playable":false,"TileNumber":0,"X":1536,"Y":256},{"AI":false,"Collectable":false,"Collide":false,"Gravity":false,"Playable":false,"TileNumber":0,"X":1568,"Y":256},{"AI":false,"Collectable":false,"Collide":false,"Gravity":false,"Playable":false,"TileNumber":0,"X":1600,"Y":256},{"AI":false,"Collectable":false,"Collide":false,"Gravity":false,"Playable":false,"TileNumber":0,"X":1632,"Y":256},{"AI":false,"Collectable":false,"Collide":false,"Gravity":false,"Playable":false,"TileNumber":0,"X":1664,"Y":256},{"AI":false,"Collectable":false,"Collide":false,"Gravity":false,"Playable":false,"TileNumber":0,"X":1696,"Y":256},{"AI":false,"Collectable":false,"Collide":false,"Gravity":false,"Playable":false,"TileNumber":0,"X":1728,"Y":256},{"AI":false,"Collectable":false,"Collide":false,"Gravity":false,"Playable":false,"TileNumber":0,"X":1760,"Y":256},{"AI":false,"Collectable":false,"Collide":false,"Gravity":false,"Playable":false,"TileNumber":0,"X":1792,"Y":256},{"AI":false,"Collectable":false,"Collide":false,"Gravity":false,"Playable":false,"TileNumber":0,"X":1824,"Y":256},{"AI":false,"Collectable":false,"Collide":false,"Gravity":false,"Playable":false,"TileNumber":0,"X":1856,"Y":256},{"AI":false,"Collectable":false,"Collide":false,"Gravity":false,"Playable":false,"TileNumber":0,"X":1888,"Y":256},{"AI":false,"Collectable":false,"Collide":false,"Gravity":false,"Playable":false,"TileNumber":0,"X":0,"Y":288},{"AI":false,"Collectable":false,"Collide":false,"Gravity":false,"Playable":false,"TileNumber":0,"X":32,"Y":288},{"AI":false,"Collectable":false,"Collide":false,"Gravity":false,"Playable":false,"TileNumber":0,"X":64,"Y":288},{"AI":false,"Collectable":false,"Collide":false,"Gravity":false,"Playable":false,"TileNumber":0,"X":96,"Y":288},{"AI":false,"Collectable":false,"Collide":false,"Gravity":false,"Playable":false,"TileNumber":0,"X":128,"Y":288},{"AI":false,"Collectable":false,"Collide":false,"Gravity":false,"Playable":false,"TileNumber":61,"X":160,"Y":288},{"AI":false,"Collectable":false,"Collide":false,"Gravity":false,"Playable":false,"TileNumber":61,"X":192,"Y":288},{"AI":false,"Collectable":false,"Collide":false,"Gravity":false,"Playable":false,"TileNumber":0,"X":224,"Y":288},{"AI":false,"Collectable":false,"Collide":false,"Gravity":false,"Playable":false,"TileNumber":61,"X":256,"Y":288},{"AI":false,"Collectable":false,"Collide":false,"Gravity":false,"Playable":false,"TileNumber":0,"X":288,"Y":288},{"AI":false,"Collectable":false,"Collide":false,"Gravity":false,"Playable":false,"TileNumber":0,"X":320,"Y":288},{"AI":false,"Collectable":false,"Collide":false,"Gravity":false,"Playable":false,"TileNumber":0,"X":352,"Y":288},{"AI":false,"Collectable":false,"Collide":false,"Gravity":false,"Playable":false,"TileNumber":0,"X":384,"Y":288},{"AI":false,"Collectable":false,"Collide":false,"Gravity":false,"Playable":false,"TileNumber":0,"X":416,"Y":288},{"AI":false,"Collectable":false,"Collide":false,"Gravity":false,"Playable":false,"TileNumber":0,"X":448,"Y":288},{"AI":false,"Collectable":false,"Collide":false,"Gravity":false,"Playable":false,"TileNumber":0,"X":480,"Y":288},{"AI":false,"Collectable":false,"Collide":false,"Gravity":false,"Playable":false,"TileNumber":0,"X":512,"Y":288},{"AI":false,"Collectable":false,"Collide":false,"Gravity":false,"Playable":false,"TileNumber":0,"X":544,"Y":288},{"AI":false,"Collectable":false,"Collide":false,"Gravity":false,"Playable":false,"TileNumber":0,"X":576,"Y":288},{"AI":false,"Collectable":false,"Collide":false,"Gravity":false,"Playable":false,"TileNumber":0,"X":608,"Y":288},{"AI":false,"Collectable":false,"Collide":false,"Gravity":false,"Playable":false,"TileNumber":0,"X":640,"Y":288},{"AI":false,"Collectable":false,"Collide":false,"Gravity":false,"Playable":false,"TileNumber":0,"X":672,"Y":288},{"AI":false,"Collectable":false,"Collide":false,"Gravity":false,"Playable":false,"TileNumber":0,"X":704,"Y":288},{"AI":false,"Collectable":false,"Collide":false,"Gravity":false,"Playable":false,"TileNumber":0,"X":736,"Y":288},{"AI":false,"Collectable":false,"Collide":false,"Gravity":false,"Playable":false,"TileNumber":0,"X":768,"Y":288},{"AI":false,"Collectable":false,"Collide":false,"Gravity":false,"Playable":false,"TileNumber":0,"X":800,"Y":288},{"AI":false,"Collectable":false,"Collide":false,"Gravity":false,"Playable":false,"TileNumber":0,"X":832,"Y":288},{"AI":false,"Collectable":false,"Collide":false,"Gravity":false,"Playable":false,"TileNumber":0,"X":864,"Y":288},{"AI":false,"Collectable":false,"Collide":false,"Gravity":false,"Playable":false,"TileNumber":0,"X":896,"Y":288},{"AI":false,"Collectable":false,"Collide":false,"Gravity":false,"Playable":false,"TileNumber":0,"X":928,"Y":288},{"AI":false,"Collectable":false,"Collide":false,"Gravity":false,"Playable":false,"TileNumber":0,"X":960,"Y":288},{"AI":false,"Collectable":false,"Collide":false,"Gravity":false,"Playable":false,"TileNumber":0,"X":992,"Y":288},{"AI":false,"Collectable":false,"Collide":false,"Gravity":false,"Playable":false,"TileNumber":0,"X":1024,"Y":288},{"AI":false,"Collectable":false,"Collide":false,"Gravity":false,"Playable":false,"TileNumber":0,"X":1056,"Y":288},{"AI":false,"Collectable":false,"Collide":false,"Gravity":false,"Playable":false,"TileNumber":0,"X":1088,"Y":288},{"AI":false,"Collectable":false,"Collide":false,"Gravity":false,"Playable":false,"TileNumber":0,"X":1120,"Y":288},{"AI":false,"Collectable":false,"Collide":false,"Gravity":false,"Playable":false,"TileNumber":0,"X":1152,"Y":288},{"AI":false,"Collectable":false,"Collide":false,"Gravity":false,"Playable":false,"TileNumber":0,"X":1184,"Y":288},{"AI":false,"Collectable":false,"Collide":false,"Gravity":false,"Playable":false,"TileNumber":0,"X":1216,"Y":288},{"AI":false,"Collectable":false,"Collide":false,"Gravity":false,"Playable":false,"TileNumber":0,"X":1248,"Y":288},{"AI":false,"Collectable":false,"Collide":false,"Gravity":false,"Playable":false,"TileNumber":0,"X":1280,"Y":288},{"AI":false,"Collectable":false,"Collide":false,"Gravity":false,"Playable":false,"TileNumber":0,"X":1312,"Y":288},{"AI":false,"Collectable":false,"Collide":false,"Gravity":false,"Playable":false,"TileNumber":0,"X":1344,"Y":288},{"AI":false,"Collectable":false,"Collide":false,"Gravity":false,"Playable":false,"TileNumber":0,"X":1376,"Y":288},{"AI":false,"Collectable":false,"Collide":false,"Gravity":false,"Playable":false,"TileNumber":0,"X":1408,"Y":288},{"AI":false,"Collectable":false,"Collide":false,"Gravity":false,"Playable":false,"TileNumber":0,"X":1440,"Y":288},{"AI":false,"Collectable":false,"Collide":false,"Gravity":false,"Playable":false,"TileNumber":0,"X":1472,"Y":288},{"AI":false,"Collectable":false,"Collide":false,"Gravity":false,"Playable":false,"TileNumber":0,"X":1504,"Y":288},{"AI":false,"Collectable":false,"Collide":false,"Gravity":false,"Playable":false,"TileNumber":0,"X":1536,"Y":288},{"AI":false,"Collectable":false,"Collide":false,"Gravity":false,"Playable":false,"TileNumber":0,"X":1568,"Y":288},{"AI":false,"Collectable":false,"Collide":false,"Gravity":false,"Playable":false,"TileNumber":0,"X":1600,"Y":288},{"AI":false,"Collectable":false,"Collide":false,"Gravity":false,"Playable":false,"TileNumber":0,"X":1632,"Y":288},{"AI":false,"Collectable":false,"Collide":false,"Gravity":false,"Playable":false,"TileNumber":0,"X":1664,"Y":288},{"AI":false,"Collectable":false,"Collide":false,"Gravity":false,"Playable":false,"TileNumber":0,"X":1696,"Y":288},{"AI":false,"Collectable":false,"Collide":false,"Gravity":false,"Playable":false,"TileNumber":0,"X":1728,"Y":288},{"AI":false,"Collectable":false,"Collide":false,"Gravity":false,"Playable":false,"TileNumber":0,"X":1760,"Y":288},{"AI":false,"Collectable":false,"Collide":false,"Gravity":false,"Playable":false,"TileNumber":0,"X":1792,"Y":288},{"AI":false,"Collectable":false,"Collide":false,"Gravity":false,"Playable":false,"TileNumber":0,"X":1824,"Y":288},{"AI":false,"Collectable":false,"Collide":false,"Gravity":false,"Playable":false,"TileNumber":0,"X":1856,"Y":288}]